,MSE,RMSE,MAE,R²
Train,273.78181144643884,16.54635341839521,5.057673196407525,0.01877306189252348
Test,45.630620746720474,6.755044096578532,4.659964405381487,0.13886962715304874
