model,cv_r2_mean,cv_r2_std,cv_rmse_mean,cv_rmse_std,cv_mae_mean,cv_mae_std,train_r2,train_rmse,train_mae,val_r2,val_rmse,val_mae
LinearRegression,-89.66193952852365,179.61584036134045,45.28750271981086,59.232446507162564,9.501154735986006,9.99378013863774,0.17206479655248363,15.715492667500977,4.219820975725622,0.09959161220706725,11.365957742437045,4.686161109974123
Ridge(alpha=1.0),-20.566955504612434,41.428009623882794,28.513176042125405,26.949277868105405,7.087509306889581,5.274082821842395,0.17200579781081227,15.716052601280134,4.222990142092195,0.09937506953549513,11.36732438169148,4.673335264225746
RandomForest,-0.31482223736176784,0.8285176699814851,15.476480504903396,10.550211313115359,4.015617426026655,0.7604836333537984,0.7445097730759498,8.73005484032222,1.5449946328819115,0.003627833094379418,11.956307188448282,4.190899822374896
XGBoost,-1.0221468091491486,1.5705946350827331,16.786047773640416,9.512312685287146,4.258198723641361,0.7527629214655467,0.9404426669615232,4.214998717296593,2.342128555338858,-0.15626781774005427,12.879988940113611,4.685045214501139
